id	mine	seam	year	date	thickness_m	thickness_min_m	thickness_max_m	depth_m	depth_min_m	depth_max_m	geological_reserve_mt	grade	production_tonnes	recovery	ash_content	moisture	risk_level	data_status	source
1	Machhakata (Revised)	XI			3.735	0.2	7.27	77.875	16.37	139.38	10.77	E-G						REAL_SOURCE + DERIVED_MIDPOINT	Machhakata & Mahanadi Coal Block Summary
2	Machhakata (Revised)	X			1.945	0.12	3.77	80.805	14.51	147.1	5.13	E-G						REAL_SOURCE + DERIVED_MIDPOINT	Machhakata & Mahanadi Coal Block Summary
3	Machhakata (Revised)	IX TOP			2.53	0.1	4.96	87.435	14.0	160.87	11.7	E-G						REAL_SOURCE + DERIVED_MIDPOINT	Machhakata & Mahanadi Coal Block Summary
4	Machhakata (Revised)	IX BOT			3.385	0.4	6.37	91.355	14.74	167.97	64.48	E-G						REAL_SOURCE + DERIVED_MIDPOINT	Machhakata & Mahanadi Coal Block Summary
5	Machhakata (Revised)	VIII			7.205	0.49	13.92	69.42	16.16	122.68	122.71	F-G						REAL_SOURCE + DERIVED_MIDPOINT	Machhakata & Mahanadi Coal Block Summary
6	Machhakata (Revised)	VII TOP			6.445	0.29	12.6	77.975	15.0	140.95	120.04	E-G						REAL_SOURCE + DERIVED_MIDPOINT	Machhakata & Mahanadi Coal Block Summary
7	Machhakata (Revised)	VII BOT			2.72	0.07	5.37	80.285	16.81	143.76	7.51	E-G						REAL_SOURCE + DERIVED_MIDPOINT	Machhakata & Mahanadi Coal Block Summary
8	Machhakata (Revised)	VI TOP			4.275	0.34	8.21	81.055	10.11	152.0	80.98	E-G						REAL_SOURCE + DERIVED_MIDPOINT	Machhakata & Mahanadi Coal Block Summary
9	Machhakata (Revised)	VI BOT			6.39	0.2	12.58	96.04	17.57	174.51	78.46	E-G						REAL_SOURCE + DERIVED_MIDPOINT	Machhakata & Mahanadi Coal Block Summary
10	Machhakata (Revised)	IV/V			2.99	0.13	5.85	97.975	19.75	176.2	56.73	D-G						REAL_SOURCE + DERIVED_MIDPOINT	Machhakata & Mahanadi Coal Block Summary
11	Machhakata (Revised)	III TOP TOP			7.95	2.25	13.65	105.0	29.0	181.0	158.03	E-G						REAL_SOURCE + DERIVED_MIDPOINT	Machhakata & Mahanadi Coal Block Summary
12	Machhakata (Revised)	III MID			7.4	3.98	10.82	122.28	41.66	202.9	217.16	D-G						REAL_SOURCE + DERIVED_MIDPOINT	Machhakata & Mahanadi Coal Block Summary
13	Machhakata (Revised)	III BOT TOP			3.1	0.36	5.84	125.74	45.63	205.85	72.77	C-G						REAL_SOURCE + DERIVED_MIDPOINT	Machhakata & Mahanadi Coal Block Summary
14	Machhakata (Revised)	III BOT BOT			2.98	0.05	5.91	122.22	45.0	199.44	10.79	F-G						REAL_SOURCE + DERIVED_MIDPOINT	Machhakata & Mahanadi Coal Block Summary
15	Machhakata (Revised)	LOCAL 1			1.335	0.05	2.62	141.745	50.3	233.19	19.07	D-G						REAL_SOURCE + DERIVED_MIDPOINT	Machhakata & Mahanadi Coal Block Summary
16	Machhakata (Revised)	LOCAL 2			1.35	0.08	2.62	149.01	62.1	235.92	14.61	E-G						REAL_SOURCE + DERIVED_MIDPOINT	Machhakata & Mahanadi Coal Block Summary
17	Machhakata (Revised)	II TOP			2.795	0.12	5.47	155.98	70.05	241.91	43.07	E-G						REAL_SOURCE + DERIVED_MIDPOINT	Machhakata & Mahanadi Coal Block Summary
18	Machhakata (Revised)	II MID			1.185	0.06	2.31	128.215	8.95	247.48	8.2	E-G						REAL_SOURCE + DERIVED_MIDPOINT	Machhakata & Mahanadi Coal Block Summary
19	Machhakata (Revised)	II BOT			1.415	0.07	2.76	161.8	89.88	233.72	5.96	D-G						REAL_SOURCE + DERIVED_MIDPOINT	Machhakata & Mahanadi Coal Block Summary
20	Machhakata (Revised)	I A TOP			1.465	0.19	2.74	178.78	124.81	232.75	12.22	E-G						REAL_SOURCE + DERIVED_MIDPOINT	Machhakata & Mahanadi Coal Block Summary
21	Machhakata (Revised)	I A BOT			2.635	0.1	5.17	176.36	113.57	239.15	38.42	D-G						REAL_SOURCE + DERIVED_MIDPOINT	Machhakata & Mahanadi Coal Block Summary
22	Machhakata (Revised)	I B			6.875	1.6	12.15	187.585	125.17	250.0	180.18	C-G						REAL_SOURCE + DERIVED_MIDPOINT	Machhakata & Mahanadi Coal Block Summary
23	Machhakata (Revised)	I C			2.475	0.09	4.86	195.785	132.87	258.7	9.37	C-G						REAL_SOURCE + DERIVED_MIDPOINT	Machhakata & Mahanadi Coal Block Summary
24	Machhakata (Revised)	I D			4.435	0.1	8.77	207.4	143.0	271.8	52.29	B-G						REAL_SOURCE + DERIVED_MIDPOINT	Machhakata & Mahanadi Coal Block Summary
25	Chhendipada	IX							15.0									REAL_SOURCE + DERIVED_MIDPOINT	Ministry of Coal - Chendipada-I & II block note
26	Chhendipada	IIIB (Barakar)						79.0	20.0	138.0								REAL_SOURCE + DERIVED_MIDPOINT	Ministry of Coal - Chendipada-I & II block note
27	Chhendipada	I (Karharbari) - splits						172.5	80.0	265.0								REAL_SOURCE + DERIVED_MIDPOINT	Ministry of Coal - Chendipada-I & II block note
28	North of Arkhapal Srirampur	XV									10.979							REAL_SOURCE + DERIVED_MIDPOINT	Ministry of Coal - North of Arkhapal and Srirampur Coal Block Summary
29	North of Arkhapal Srirampur	LXIV									0.0							REAL_SOURCE + DERIVED_MIDPOINT	Ministry of Coal - North of Arkhapal and Srirampur Coal Block Summary
30	North of Arkhapal Srirampur	XIV									2.048							REAL_SOURCE + DERIVED_MIDPOINT	Ministry of Coal - North of Arkhapal and Srirampur Coal Block Summary
31	North of Arkhapal Srirampur	XIII									8.802							REAL_SOURCE + DERIVED_MIDPOINT	Ministry of Coal - North of Arkhapal and Srirampur Coal Block Summary
32	North of Arkhapal Srirampur	LXII									0.496							REAL_SOURCE + DERIVED_MIDPOINT	Ministry of Coal - North of Arkhapal and Srirampur Coal Block Summary
33	North of Arkhapal Srirampur	XII									27.439							REAL_SOURCE + DERIVED_MIDPOINT	Ministry of Coal - North of Arkhapal and Srirampur Coal Block Summary
34	North of Arkhapal Srirampur	XI									25.271							REAL_SOURCE + DERIVED_MIDPOINT	Ministry of Coal - North of Arkhapal and Srirampur Coal Block Summary
35	North of Arkhapal Srirampur	X									17.65							REAL_SOURCE + DERIVED_MIDPOINT	Ministry of Coal - North of Arkhapal and Srirampur Coal Block Summary
36	North of Arkhapal Srirampur	IX									18.386							REAL_SOURCE + DERIVED_MIDPOINT	Ministry of Coal - North of Arkhapal and Srirampur Coal Block Summary
37	North of Arkhapal Srirampur	VIII									15.127							REAL_SOURCE + DERIVED_MIDPOINT	Ministry of Coal - North of Arkhapal and Srirampur Coal Block Summary
38	North of Arkhapal Srirampur	VII									105.249							REAL_SOURCE + DERIVED_MIDPOINT	Ministry of Coal - North of Arkhapal and Srirampur Coal Block Summary
39	North of Arkhapal Srirampur	VIC									6.167							REAL_SOURCE + DERIVED_MIDPOINT	Ministry of Coal - North of Arkhapal and Srirampur Coal Block Summary
40	North of Arkhapal Srirampur	VIB									43.341							REAL_SOURCE + DERIVED_MIDPOINT	Ministry of Coal - North of Arkhapal and Srirampur Coal Block Summary
41	North of Arkhapal Srirampur	VIA									64.384							REAL_SOURCE + DERIVED_MIDPOINT	Ministry of Coal - North of Arkhapal and Srirampur Coal Block Summary
42	North of Arkhapal Srirampur	LV									1.324							REAL_SOURCE + DERIVED_MIDPOINT	Ministry of Coal - North of Arkhapal and Srirampur Coal Block Summary
43	North of Arkhapal Srirampur	VC									8.519							REAL_SOURCE + DERIVED_MIDPOINT	Ministry of Coal - North of Arkhapal and Srirampur Coal Block Summary
44	North of Arkhapal Srirampur	VB									103.683							REAL_SOURCE + DERIVED_MIDPOINT	Ministry of Coal - North of Arkhapal and Srirampur Coal Block Summary
45	North of Arkhapal Srirampur	VA									61.374							REAL_SOURCE + DERIVED_MIDPOINT	Ministry of Coal - North of Arkhapal and Srirampur Coal Block Summary
46	North of Arkhapal Srirampur	LIV									4.525							REAL_SOURCE + DERIVED_MIDPOINT	Ministry of Coal - North of Arkhapal and Srirampur Coal Block Summary
47	North of Arkhapal Srirampur	IVC									50.717							REAL_SOURCE + DERIVED_MIDPOINT	Ministry of Coal - North of Arkhapal and Srirampur Coal Block Summary
48	North of Arkhapal Srirampur	IVB									202.687							REAL_SOURCE + DERIVED_MIDPOINT	Ministry of Coal - North of Arkhapal and Srirampur Coal Block Summary
49	North of Arkhapal Srirampur	IVA									36.495							REAL_SOURCE + DERIVED_MIDPOINT	Ministry of Coal - North of Arkhapal and Srirampur Coal Block Summary
50	North of Arkhapal Srirampur	IIID									58.845							REAL_SOURCE + DERIVED_MIDPOINT	Ministry of Coal - North of Arkhapal and Srirampur Coal Block Summary
51	North of Arkhapal Srirampur	IIIC									83.926							REAL_SOURCE + DERIVED_MIDPOINT	Ministry of Coal - North of Arkhapal and Srirampur Coal Block Summary
52	North of Arkhapal Srirampur	IIIB									57.932							REAL_SOURCE + DERIVED_MIDPOINT	Ministry of Coal - North of Arkhapal and Srirampur Coal Block Summary
53	North of Arkhapal Srirampur	IIIA									22.825							REAL_SOURCE + DERIVED_MIDPOINT	Ministry of Coal - North of Arkhapal and Srirampur Coal Block Summary
54	North of Arkhapal Srirampur	IIF									39.978							REAL_SOURCE + DERIVED_MIDPOINT	Ministry of Coal - North of Arkhapal and Srirampur Coal Block Summary
55	North of Arkhapal Srirampur	IIE									168.727							REAL_SOURCE + DERIVED_MIDPOINT	Ministry of Coal - North of Arkhapal and Srirampur Coal Block Summary
56	North of Arkhapal Srirampur	IID									77.087							REAL_SOURCE + DERIVED_MIDPOINT	Ministry of Coal - North of Arkhapal and Srirampur Coal Block Summary
57	North of Arkhapal Srirampur	IIC									65.15							REAL_SOURCE + DERIVED_MIDPOINT	Ministry of Coal - North of Arkhapal and Srirampur Coal Block Summary
58	North of Arkhapal Srirampur	IIB									159.839							REAL_SOURCE + DERIVED_MIDPOINT	Ministry of Coal - North of Arkhapal and Srirampur Coal Block Summary
59	North of Arkhapal Srirampur	IIA									75.19							REAL_SOURCE + DERIVED_MIDPOINT	Ministry of Coal - North of Arkhapal and Srirampur Coal Block Summary
																			
																			
																			
																			
																			
																			
																			
																			
																			
																			
																			
																			
																			
																			
																			
																			
																			
																			
																			
																			
																			
																			
																			
																			
																			
																			
																			
																			
																			
																			
																			
																			
																			
																			
																			
																			
																			
																			
																			
																			
																			
																			
																			
																			
																			
																			
																			
																			
																			
																			
																			
																			
																			
																			
																			
																			
																			
																			
																			
																			
																			
																			
																			
																			
																			
																			
																			
																			
																			
																			
																			
																			
																			
																			
																			
																			
																			
																			
																			
																			
																			
																			
																			
																			
																			
																			
																			
																			
																			
																			
																			
																			
																			
																			
																			
																			
																			
																			
																			
																			
																			
																			
																			
																			
																			
																			
																			
																			
																			
																			
																			
																			
																			
																			
																			
																			
																			
																			
																			
																			
																			
																			
																			
																			
																			
																			
																			
																			
																			
																			
																			
																			
																			
																			
																			
																			
																			
																			
																			
																			
																			
																			
																			
																			
																			
																			
																			
																			
																			
																			
																			
																			
																			
																			
																			
																			
																			
																			
																			
																			
																			
																			
																			
																			
																			
																			
																			
																			
																			
																			
																			
																			
																			
																			
																			
																			
																			
																			
																			
																			
																			
																			
																			
																			
																			
																			
																			
																			
																			
																			
																			
																			
																			
																			
																			
																			
																			
																			
																			
																			
																			
																			
																			
																			
																			
																			
																			
																			
																			
																			
																			
																			
																			
																			
																			
																			
																			
																			
																			
																			
																			
																			
																			
																			
																			
																			
																			
																			
																			
																			
																			
																			
																			
																			
																			
																			
																			
																			
																			
																			
																			
																			
																			
																			
																			
																			
																			
																			
																			
																			
																			
																			
																			
																			
																			
																			
																			
																			
																			
																			
																			
																			
																			
																			
																			
																			
																			
																			
																			
																			
																			
																			
																			
																			
																			
																			
																			
																			
																			
																			
																			
																			
																			
																			
																			
																			
																			
																			
																			
																			
																			
																			
																			
																			
																			
																			
																			
																			
																			
																			
																			
																			
																			
																			
																			
																			
																			
																			
																			
																			
																			
																			
																			
																			
																			
																			
																			
																			
																			
																			
																			
																			
																			
																			
																			
																			
																			
																			
																			
																			
																			
																			
																			
																			
																			
																			
																			
																			
																			
																			
																			
																			
																			
																			
																			
																			
																			
																			
																			
																			
																			
																			
																			
																			
																			
																			
																			
																			
																			
																			
																			
																			
																			
																			
																			
																			
																			
																			
																			
																			
																			
																			
																			
																			
																			
																			
																			
																			
																			
																			
																			
																			
																			
																			
																			
																			
																			
																			
																			
																			
																			
																			
																			
																			
																			
																			
																			
																			
																			
																			
																			
																			
																			
																			
																			
																			
																			
																			
																			
																			
																			
																			
																			
																			
																			
																			
																			
																			
																			
																			
																			
																			
																			
																			
																			
																			
																			
																			
																			
																			
																			
																			
																			
																			
																			
																			
																			
																			
																			
																			