id,date,mine,seam,coal_thickness_m,depth_m,production_tonnes,recovery_percent,ash_percent,moisture_percent,sulfur_percent,calorific_value_kcal_kg,geological_condition,equipment,risk_level
1,2024-01-01,Mine Alpha,Seam A,6.61,219.59,1386.06,68.18,25.78,10.73,2.78,3617.6,Stable,Continuous Miner,Low
2,2024-01-02,Mine Alpha,Seam B,6.43,479.76,2561.98,78.93,14.68,15.91,3.49,4090.74,High Water Risk,Surface Miner,Medium
3,2024-01-03,Mine Beta,Seam B,8.19,271.86,1189.53,68.0,28.34,11.66,3.69,6200.01,Fractured Formation,Longwall Shearer,Medium
4,2024-01-04,Mine Alpha,Seam C,7.25,432.56,4419.17,82.9,24.91,2.73,1.26,4570.74,Stable,Continuous Miner,Low
5,2024-01-05,Mine Delta,Seam C,4.51,555.44,1483.15,76.01,24.08,13.23,3.17,3764.19,Moderately Stable,Hydraulic Excavator,High
6,2024-01-06,Mine Beta,Seam B,4.57,233.87,4686.64,86.33,13.27,7.19,3.53,3706.97,Stable,Surface Miner,Medium
7,2024-01-07,Mine Gamma,Seam A,2.74,617.46,4480.74,74.76,23.73,8.33,4.14,5197.75,Fault Zone,Continuous Miner,Low
8,2024-01-08,Mine Gamma,Seam D,7.75,307.66,1721.15,95.92,20.23,3.45,0.5,3905.7,Moderately Stable,Dragline,High
9,2024-01-09,Mine Alpha,Seam D,3.99,647.79,3022.28,95.1,28.66,2.18,3.33,6022.33,Fractured Formation,Surface Miner,High
10,2024-01-10,Mine Gamma,Seam A,3.34,170.15,813.63,87.38,25.27,17.55,3.5,5378.42,Stable,Surface Miner,High
11,2024-01-11,Mine Beta,Seam B,3.93,172.08,4804.7,93.6,30.04,11.58,2.35,3913.91,Fault Zone,Surface Miner,Low
12,2024-01-12,Mine Alpha,Seam B,7.61,619.76,1159.74,80.07,9.66,14.17,3.52,3975.05,High Water Risk,Hydraulic Excavator,Low
13,2024-01-13,Mine Gamma,Seam D,8.24,609.48,3972.11,86.39,25.11,8.38,3.12,4881.66,Fractured Formation,Dragline,Low
14,2024-01-14,Mine Beta,Seam B,1.67,91.99,3126.47,83.24,8.17,13.33,0.55,3749.38,Stable,Surface Miner,Low
15,2024-01-15,Mine Beta,Seam C,6.08,202.11,1355.71,94.0,21.71,9.56,3.6,6487.74,Moderately Stable,Longwall Shearer,Low
16,2024-01-16,Mine Delta,Seam C,4.29,346.2,3862.12,85.87,31.62,3.57,1.99,4755.42,Stable,Continuous Miner,Low
17,2024-01-17,Mine Beta,Seam D,2.22,184.59,2743.04,92.11,9.81,14.93,3.9,3862.26,Fractured Formation,Longwall Shearer,Low
18,2024-01-18,Mine Beta,Seam B,4.17,354.37,4431.53,92.98,11.95,2.03,1.94,6928.12,High Water Risk,Surface Miner,Medium
19,2024-01-19,Mine Delta,Seam B,2.59,204.09,1045.63,87.81,9.46,7.02,0.51,5264.12,Fractured Formation,Continuous Miner,Low
20,2024-01-20,Mine Alpha,Seam B,1.7,118.74,4419.64,77.52,30.6,11.11,2.73,3647.04,Stable,Dragline,High
21,2024-01-21,Mine Gamma,Seam C,2.69,488.23,1802.48,77.27,24.12,6.8,1.63,6281.9,Stable,Longwall Shearer,Medium
22,2024-01-22,Mine Alpha,Seam A,5.12,368.35,1356.32,75.82,9.65,5.91,1.5,5121.28,Fractured Formation,Surface Miner,High
23,2024-01-23,Mine Alpha,Seam C,8.0,139.04,4488.13,73.2,29.35,13.88,0.95,4542.5,Moderately Stable,Surface Miner,Low
24,2024-01-24,Mine Gamma,Seam D,3.03,597.65,1013.36,84.66,27.9,2.71,1.7,3984.03,Fault Zone,Continuous Miner,High
25,2024-01-25,Mine Delta,Seam D,5.29,143.77,4769.21,86.42,11.58,2.58,1.85,5544.34,High Water Risk,Continuous Miner,Low
26,2024-01-26,Mine Gamma,Seam C,7.76,533.79,4414.95,92.87,13.04,5.99,0.73,6386.43,High Water Risk,Hydraulic Excavator,High
27,2024-01-27,Mine Beta,Seam B,7.51,636.44,4205.24,92.32,8.59,13.79,1.7,6944.02,Moderately Stable,Surface Miner,Low
28,2024-01-28,Mine Alpha,Seam D,7.57,569.4,1734.22,90.31,19.05,6.88,3.64,4342.1,Stable,Continuous Miner,Medium
29,2024-01-29,Mine Gamma,Seam C,7.51,631.13,1972.32,84.89,17.59,17.7,2.55,6975.18,Stable,Surface Miner,Low
30,2024-01-30,Mine Gamma,Seam A,1.99,327.7,3859.89,74.72,22.55,10.18,1.92,5633.38,Fault Zone,Longwall Shearer,High
31,2024-01-31,Mine Delta,Seam A,5.0,539.71,3684.8,94.15,25.69,5.15,2.11,7010.84,Fault Zone,Hydraulic Excavator,Medium
32,2024-02-01,Mine Alpha,Seam C,4.9,460.13,2169.97,86.61,21.31,5.07,3.09,4902.84,Moderately Stable,Hydraulic Excavator,High
33,2024-02-02,Mine Gamma,Seam D,5.2,80.23,2005.04,78.33,21.92,12.48,2.25,5135.99,Moderately Stable,Hydraulic Excavator,Medium
34,2024-02-03,Mine Beta,Seam A,3.27,458.4,3400.9,67.9,30.85,5.76,1.6,6484.28,Moderately Stable,Longwall Shearer,Low
35,2024-02-04,Mine Beta,Seam D,5.66,518.04,2712.75,92.47,21.82,13.49,1.91,4978.72,Moderately Stable,Longwall Shearer,Low
36,2024-02-05,Mine Delta,Seam B,2.48,626.04,2975.42,66.56,13.98,15.57,2.22,6465.24,Fractured Formation,Hydraulic Excavator,High
37,2024-02-06,Mine Gamma,Seam D,5.67,489.99,2920.07,90.75,21.15,16.36,3.42,5256.3,Fault Zone,Continuous Miner,High
38,2024-02-07,Mine Gamma,Seam D,5.78,236.52,1125.43,73.86,14.52,7.12,2.57,4011.98,Moderately Stable,Dragline,High
39,2024-02-08,Mine Beta,Seam B,1.67,312.33,3078.97,77.89,12.96,8.72,4.1,5661.09,Stable,Hydraulic Excavator,Medium
40,2024-02-09,Mine Delta,Seam A,8.08,250.21,2437.94,92.64,28.06,10.61,3.39,6459.51,Moderately Stable,Dragline,Low
41,2024-02-10,Mine Gamma,Seam D,4.75,301.65,3609.27,89.74,25.38,15.45,4.16,7128.67,Fractured Formation,Longwall Shearer,Medium
42,2024-02-11,Mine Alpha,Seam A,5.89,157.35,2739.13,66.56,17.1,5.39,1.67,6316.55,High Water Risk,Surface Miner,Medium
43,2024-02-12,Mine Gamma,Seam A,4.63,506.94,1018.76,94.51,13.38,3.1,4.32,3648.96,Stable,Continuous Miner,Low
44,2024-02-13,Mine Alpha,Seam B,2.94,349.93,1280.44,94.38,19.16,6.1,1.85,5741.8,Stable,Continuous Miner,Medium
45,2024-02-14,Mine Alpha,Seam A,7.98,408.2,4613.71,76.63,30.6,5.17,2.79,6573.12,Moderately Stable,Longwall Shearer,High
46,2024-02-15,Mine Gamma,Seam A,7.01,402.58,972.49,81.52,23.88,3.1,3.02,3546.81,High Water Risk,Dragline,Low
47,2024-02-16,Mine Delta,Seam C,5.84,552.36,3770.7,78.5,25.61,17.45,1.43,6490.34,Fractured Formation,Dragline,Medium
48,2024-02-17,Mine Delta,Seam C,3.55,219.93,4725.41,73.65,18.82,14.01,2.69,5972.3,Fault Zone,Longwall Shearer,Medium
49,2024-02-18,Mine Gamma,Seam B,4.76,282.25,1885.08,73.67,22.31,16.08,2.63,5411.52,Moderately Stable,Longwall Shearer,Low
50,2024-02-19,Mine Delta,Seam D,5.25,216.98,2799.59,87.07,18.76,2.28,1.54,4996.28,Moderately Stable,Surface Miner,High
51,2024-02-20,Mine Gamma,Seam D,5.24,275.94,4985.85,82.06,16.44,9.26,1.59,4352.99,Moderately Stable,Surface Miner,Low
52,2024-02-21,Mine Beta,Seam B,2.78,355.99,3843.26,95.27,20.59,6.53,0.72,4218.24,Moderately Stable,Surface Miner,Low
53,2024-02-22,Mine Gamma,Seam A,6.37,152.15,991.17,66.69,15.01,17.11,2.98,6285.33,Stable,Longwall Shearer,High
54,2024-02-23,Mine Gamma,Seam D,4.69,274.2,4855.09,72.83,28.68,3.83,0.57,5319.46,Fractured Formation,Longwall Shearer,Low
55,2024-02-24,Mine Beta,Seam C,1.82,221.47,3143.91,77.9,22.31,11.89,3.56,4907.4,High Water Risk,Surface Miner,High
56,2024-02-25,Mine Delta,Seam C,5.35,114.33,4832.46,68.08,26.31,12.01,1.41,3800.39,Moderately Stable,Continuous Miner,High
57,2024-02-26,Mine Alpha,Seam B,1.22,336.79,3294.01,74.03,13.56,13.31,3.25,5179.92,Moderately Stable,Surface Miner,High
58,2024-02-27,Mine Beta,Seam D,2.04,208.14,1425.76,73.23,11.41,2.95,3.63,5701.66,Fractured Formation,Surface Miner,Medium
59,2024-02-28,Mine Alpha,Seam D,6.23,478.85,4759.24,80.51,19.85,3.29,0.47,5098.51,Fault Zone,Hydraulic Excavator,Medium
60,2024-02-29,Mine Alpha,Seam A,2.87,464.35,4414.17,83.2,8.5,14.24,3.75,5632.11,Moderately Stable,Dragline,High
61,2024-03-01,Mine Delta,Seam C,2.52,413.64,3466.1,80.24,10.19,7.57,1.7,5979.49,Moderately Stable,Surface Miner,Medium
62,2024-03-02,Mine Delta,Seam C,6.04,308.26,3994.1,66.14,10.11,6.04,0.79,6358.43,Fractured Formation,Longwall Shearer,High
63,2024-03-03,Mine Delta,Seam D,1.6,375.51,3415.06,80.45,18.61,2.83,1.42,3984.75,Fault Zone,Dragline,High
64,2024-03-04,Mine Delta,Seam A,1.41,439.11,4157.12,87.0,15.46,2.22,2.01,4331.39,Stable,Dragline,Low
65,2024-03-05,Mine Beta,Seam D,8.01,246.36,3762.73,77.88,19.58,9.56,2.22,4035.18,Moderately Stable,Hydraulic Excavator,High
66,2024-03-06,Mine Beta,Seam A,3.22,530.3,2542.76,93.96,20.19,15.13,1.49,4604.66,Fractured Formation,Hydraulic Excavator,High
67,2024-03-07,Mine Delta,Seam B,4.46,356.07,2196.25,88.65,17.05,16.93,3.95,7128.87,Moderately Stable,Hydraulic Excavator,Medium
68,2024-03-08,Mine Beta,Seam D,1.52,504.48,3761.96,90.15,17.27,12.62,3.75,7129.03,High Water Risk,Longwall Shearer,Low
69,2024-03-09,Mine Gamma,Seam A,7.58,330.97,3008.99,79.16,25.34,8.56,3.05,4071.14,High Water Risk,Surface Miner,Medium
70,2024-03-10,Mine Delta,Seam A,7.42,565.83,4409.24,76.78,15.6,13.5,3.49,6727.82,Stable,Hydraulic Excavator,Low
71,2024-03-11,Mine Beta,Seam C,8.48,505.66,2622.68,68.05,23.21,15.96,2.16,6067.8,Stable,Longwall Shearer,Medium
72,2024-03-12,Mine Alpha,Seam C,3.82,325.49,1825.63,77.77,24.36,4.88,1.04,5755.12,High Water Risk,Hydraulic Excavator,High
73,2024-03-13,Mine Beta,Seam D,7.86,161.58,2736.83,72.87,14.13,2.15,3.68,6834.47,Fractured Formation,Continuous Miner,Low
74,2024-03-14,Mine Delta,Seam C,8.41,250.52,4840.52,86.4,18.96,6.83,4.5,6657.34,Stable,Continuous Miner,Medium
75,2024-03-15,Mine Gamma,Seam C,8.45,248.28,4907.37,85.41,14.59,11.05,3.18,6255.27,Stable,Hydraulic Excavator,High
76,2024-03-16,Mine Delta,Seam C,6.86,211.17,4168.11,71.79,12.56,6.01,3.47,6339.64,Moderately Stable,Longwall Shearer,High
77,2024-03-17,Mine Alpha,Seam C,6.96,99.02,2332.42,69.07,29.83,7.23,2.05,4242.94,Fractured Formation,Surface Miner,High
78,2024-03-18,Mine Gamma,Seam B,3.08,550.07,2823.76,90.0,25.92,7.42,0.78,7062.71,Moderately Stable,Continuous Miner,High
79,2024-03-19,Mine Delta,Seam C,1.86,304.91,1910.73,68.83,16.85,13.98,1.4,4909.79,Fault Zone,Longwall Shearer,High
80,2024-03-20,Mine Beta,Seam D,1.38,584.01,3157.91,93.37,13.31,3.01,3.76,6864.73,Fault Zone,Dragline,Low
81,2024-03-21,Mine Beta,Seam A,8.11,253.49,2869.02,68.01,29.29,4.17,2.21,5980.8,Fractured Formation,Dragline,High
82,2024-03-22,Mine Beta,Seam D,5.98,555.21,3385.74,94.11,14.71,13.04,1.21,5145.37,Moderately Stable,Surface Miner,Low
83,2024-03-23,Mine Gamma,Seam C,1.64,237.25,4866.47,94.42,27.78,3.47,1.19,5866.12,Stable,Longwall Shearer,Medium
84,2024-03-24,Mine Beta,Seam B,6.94,196.97,4285.23,82.18,22.07,15.01,1.28,6365.16,Fractured Formation,Longwall Shearer,Medium
85,2024-03-25,Mine Beta,Seam B,5.14,535.15,1261.69,91.86,11.16,7.73,3.61,5678.76,Stable,Continuous Miner,Medium
86,2024-03-26,Mine Alpha,Seam B,6.61,379.87,3931.79,79.76,26.67,10.21,0.76,5364.2,Fractured Formation,Longwall Shearer,High
87,2024-03-27,Mine Gamma,Seam D,5.9,97.76,4994.06,91.27,18.23,3.73,3.29,5141.18,Stable,Surface Miner,High
88,2024-03-28,Mine Beta,Seam A,2.12,435.86,3258.53,87.08,17.14,11.56,1.54,5370.54,High Water Risk,Longwall Shearer,High
89,2024-03-29,Mine Alpha,Seam B,4.34,586.21,2538.02,90.65,17.57,13.67,1.61,4656.34,Fault Zone,Surface Miner,Low
90,2024-03-30,Mine Delta,Seam A,1.87,128.66,2613.88,88.08,16.94,4.08,0.55,7039.51,Fractured Formation,Surface Miner,High
91,2024-03-31,Mine Alpha,Seam D,3.78,459.24,3951.19,91.91,25.31,17.49,2.82,4801.09,Fractured Formation,Hydraulic Excavator,Low
92,2024-04-01,Mine Beta,Seam D,2.84,141.68,4350.57,76.39,26.3,11.19,3.69,6627.07,Fractured Formation,Hydraulic Excavator,High
93,2024-04-02,Mine Alpha,Seam C,1.41,235.76,4002.12,93.57,16.42,4.9,0.9,5932.18,Stable,Continuous Miner,High
94,2024-04-03,Mine Alpha,Seam A,6.65,202.63,2563.3,75.57,16.88,13.55,3.56,5600.1,Stable,Longwall Shearer,Low
95,2024-04-04,Mine Beta,Seam A,6.12,235.1,3580.14,80.06,18.61,6.37,3.47,3921.12,High Water Risk,Longwall Shearer,Medium
96,2024-04-05,Mine Delta,Seam C,1.53,305.3,3317.16,65.24,15.23,5.38,0.88,4445.42,Fault Zone,Longwall Shearer,Low
97,2024-04-06,Mine Delta,Seam D,2.48,296.72,3755.42,80.51,28.0,14.9,0.6,6688.53,Stable,Dragline,Low
98,2024-04-07,Mine Delta,Seam A,7.49,408.18,3208.28,86.99,18.02,3.84,0.39,4701.64,Fractured Formation,Dragline,High
99,2024-04-08,Mine Gamma,Seam A,4.39,140.34,2629.84,77.41,9.89,15.93,3.43,4319.82,Moderately Stable,Longwall Shearer,High
100,2024-04-09,Mine Alpha,Seam B,7.81,279.14,3854.99,90.39,27.56,5.78,0.92,4229.91,Fractured Formation,Continuous Miner,High
101,2024-04-10,Mine Alpha,Seam B,8.14,437.93,2748.6,82.48,21.91,12.9,4.0,5879.07,Fractured Formation,Surface Miner,High
102,2024-04-11,Mine Gamma,Seam B,4.41,347.29,3451.82,89.69,22.19,7.63,0.61,5208.45,Stable,Longwall Shearer,Medium
103,2024-04-12,Mine Gamma,Seam A,5.91,637.1,1179.25,83.42,17.23,11.29,4.31,6234.01,Stable,Dragline,High
104,2024-04-13,Mine Beta,Seam C,5.62,365.78,4822.43,78.97,27.46,15.4,4.43,3812.02,Moderately Stable,Longwall Shearer,Low
105,2024-04-14,Mine Delta,Seam D,5.03,427.59,2328.37,93.46,17.3,14.39,3.15,3693.75,Fault Zone,Longwall Shearer,Medium
106,2024-04-15,Mine Alpha,Seam D,3.27,492.53,3557.57,93.1,28.96,7.33,2.75,4023.29,Fault Zone,Surface Miner,High
107,2024-04-16,Mine Delta,Seam B,5.54,614.66,2100.24,76.68,27.0,15.01,3.11,6567.15,Fractured Formation,Longwall Shearer,High
108,2024-04-17,Mine Delta,Seam C,1.33,256.05,4794.91,75.59,26.39,5.07,4.5,4073.3,Fault Zone,Longwall Shearer,High
109,2024-04-18,Mine Alpha,Seam C,7.6,432.28,3308.44,69.78,12.34,13.09,2.92,6839.83,High Water Risk,Longwall Shearer,Medium
110,2024-04-19,Mine Gamma,Seam B,8.28,428.04,3960.04,89.3,13.62,5.83,4.36,6402.17,Moderately Stable,Surface Miner,High
111,2024-04-20,Mine Delta,Seam D,6.82,523.53,2912.21,77.98,11.89,5.2,2.84,6730.11,Stable,Dragline,Medium
112,2024-04-21,Mine Alpha,Seam A,3.28,514.98,1945.72,93.06,11.54,9.0,4.27,4321.54,High Water Risk,Surface Miner,Low
113,2024-04-22,Mine Delta,Seam A,4.09,293.16,2421.9,67.53,13.39,7.1,0.72,6144.41,Fault Zone,Continuous Miner,Low
114,2024-04-23,Mine Alpha,Seam C,7.9,349.3,4290.66,88.52,19.26,11.85,4.1,3570.31,Moderately Stable,Continuous Miner,High
115,2024-04-24,Mine Delta,Seam A,6.87,215.45,1311.76,72.39,23.33,11.96,0.56,6595.74,High Water Risk,Hydraulic Excavator,High
116,2024-04-25,Mine Alpha,Seam B,6.45,246.03,806.57,75.94,21.7,5.0,3.11,5436.89,Fault Zone,Longwall Shearer,High
117,2024-04-26,Mine Alpha,Seam D,7.58,104.81,2424.9,76.57,25.94,7.71,0.58,4392.17,Stable,Hydraulic Excavator,High
118,2024-04-27,Mine Gamma,Seam B,1.52,391.23,4216.74,70.43,26.7,9.43,3.22,5837.42,Moderately Stable,Longwall Shearer,High
119,2024-04-28,Mine Delta,Seam A,3.34,104.97,1637.77,66.3,30.4,10.25,4.45,5509.21,Fault Zone,Longwall Shearer,High
120,2024-04-29,Mine Beta,Seam C,3.81,525.08,4436.35,75.29,10.99,7.89,4.04,6250.24,High Water Risk,Surface Miner,Low
121,2024-04-30,Mine Delta,Seam D,3.88,534.46,1920.23,67.56,18.19,8.89,4.48,4167.69,Fault Zone,Surface Miner,Low
122,2024-05-01,Mine Alpha,Seam C,6.02,254.7,3331.01,78.21,24.55,7.62,0.48,6719.14,Fault Zone,Hydraulic Excavator,Medium
123,2024-05-02,Mine Gamma,Seam A,1.75,443.38,2325.91,89.83,24.31,17.24,0.9,5748.02,High Water Risk,Longwall Shearer,Low
124,2024-05-03,Mine Alpha,Seam B,6.88,288.81,2407.99,82.58,22.52,12.86,4.29,4876.45,Stable,Hydraulic Excavator,Low
125,2024-05-04,Mine Gamma,Seam D,3.5,238.85,4834.18,65.8,12.47,10.28,4.14,3935.72,Fault Zone,Dragline,Low
126,2024-05-05,Mine Gamma,Seam D,2.66,157.37,1111.02,70.35,25.12,17.96,3.7,7079.98,Fault Zone,Surface Miner,High
127,2024-05-06,Mine Alpha,Seam C,7.71,565.28,3789.6,93.75,23.3,14.7,2.44,3949.04,Moderately Stable,Continuous Miner,Low
128,2024-05-07,Mine Delta,Seam A,3.83,406.2,2763.1,95.47,11.11,16.15,0.58,4973.19,High Water Risk,Hydraulic Excavator,Medium
129,2024-05-08,Mine Delta,Seam A,2.11,260.71,1111.49,79.44,20.42,4.05,3.78,5539.82,Fractured Formation,Continuous Miner,Low
130,2024-05-09,Mine Delta,Seam A,7.27,375.32,2077.32,70.02,30.43,5.61,4.28,5419.92,Fault Zone,Longwall Shearer,Medium
131,2024-05-10,Mine Beta,Seam C,2.11,252.61,3040.61,80.58,12.05,17.07,0.95,5937.31,Fractured Formation,Surface Miner,High
132,2024-05-11,Mine Alpha,Seam A,1.79,620.67,4038.29,73.2,13.06,11.15,2.9,3612.06,Fractured Formation,Surface Miner,High
133,2024-05-12,Mine Gamma,Seam D,2.99,540.19,2505.59,79.06,24.53,4.53,2.05,5218.44,Fault Zone,Hydraulic Excavator,Low
134,2024-05-13,Mine Gamma,Seam C,6.56,570.64,4896.57,69.05,16.89,10.99,1.64,5225.95,Fault Zone,Dragline,Low
135,2024-05-14,Mine Beta,Seam A,1.57,618.87,4429.49,77.96,31.1,16.44,3.72,6954.88,Fault Zone,Continuous Miner,Low
136,2024-05-15,Mine Delta,Seam D,4.84,255.87,897.34,94.3,20.13,17.47,1.2,4805.71,Stable,Surface Miner,Medium
137,2024-05-16,Mine Delta,Seam C,5.12,562.89,2609.9,92.36,25.46,14.22,1.84,4982.15,Fractured Formation,Hydraulic Excavator,Low
138,2024-05-17,Mine Gamma,Seam C,1.74,367.43,4010.5,73.67,31.74,12.89,0.8,7107.81,High Water Risk,Surface Miner,Medium
139,2024-05-18,Mine Gamma,Seam B,2.65,370.2,2900.33,66.4,11.29,7.33,2.29,5190.86,Fractured Formation,Hydraulic Excavator,Low
140,2024-05-19,Mine Gamma,Seam C,2.39,644.65,3905.14,74.28,16.07,15.25,2.54,6122.34,Fault Zone,Dragline,Low
141,2024-05-20,Mine Gamma,Seam C,6.12,638.54,3251.55,89.7,25.41,13.01,0.41,5255.98,Fractured Formation,Hydraulic Excavator,Low
142,2024-05-21,Mine Alpha,Seam D,2.44,438.54,3402.89,91.08,11.55,12.89,0.43,7008.36,Stable,Continuous Miner,Low
143,2024-05-22,Mine Delta,Seam C,4.26,315.39,1656.35,80.56,22.68,9.55,3.86,6191.39,Moderately Stable,Hydraulic Excavator,Low
144,2024-05-23,Mine Gamma,Seam D,5.04,258.84,1527.37,93.28,16.22,7.67,3.54,6167.42,Fault Zone,Hydraulic Excavator,Medium
145,2024-05-24,Mine Beta,Seam B,3.24,250.14,4754.24,95.45,26.51,13.28,3.2,5309.31,High Water Risk,Surface Miner,High
146,2024-05-25,Mine Gamma,Seam C,2.09,465.67,2394.72,95.38,27.64,17.27,3.68,4574.67,Fault Zone,Longwall Shearer,Medium
147,2024-05-26,Mine Delta,Seam C,6.66,201.97,4277.4,73.41,21.49,6.35,0.76,6241.3,Moderately Stable,Continuous Miner,Low
148,2024-05-27,Mine Beta,Seam B,1.58,315.58,3812.9,68.12,26.5,2.08,2.61,6937.67,High Water Risk,Dragline,Medium
149,2024-05-28,Mine Beta,Seam C,3.54,448.16,4613.34,67.77,21.78,10.56,3.34,6965.68,Moderately Stable,Dragline,Low
150,2024-05-29,Mine Alpha,Seam D,6.95,186.2,3945.81,92.04,14.95,2.6,1.55,5730.3,Fault Zone,Surface Miner,Medium
151,2024-05-30,Mine Delta,Seam B,7.41,346.77,1609.81,68.49,11.9,9.34,1.38,4188.94,Fault Zone,Surface Miner,High
152,2024-05-31,Mine Beta,Seam B,5.66,444.07,2503.06,78.26,15.87,8.41,0.7,7132.24,High Water Risk,Surface Miner,Low
153,2024-06-01,Mine Alpha,Seam C,4.0,334.64,1921.38,75.22,21.98,11.17,1.4,4830.34,Moderately Stable,Longwall Shearer,High
154,2024-06-02,Mine Alpha,Seam D,3.44,311.09,2910.59,92.75,24.89,6.98,0.79,6889.68,Fault Zone,Surface Miner,High
155,2024-06-03,Mine Beta,Seam B,8.19,352.56,2710.91,95.65,16.97,13.23,4.13,6302.2,Moderately Stable,Continuous Miner,High
156,2024-06-04,Mine Alpha,Seam D,5.06,286.22,4652.43,68.48,27.89,16.45,1.15,5485.64,Moderately Stable,Surface Miner,High
157,2024-06-05,Mine Delta,Seam A,6.17,488.64,2853.08,92.87,18.69,2.89,0.85,5037.07,Fractured Formation,Longwall Shearer,High
158,2024-06-06,Mine Delta,Seam C,6.48,305.69,4229.1,88.12,21.88,2.72,1.75,3735.91,Stable,Longwall Shearer,Medium
159,2024-06-07,Mine Alpha,Seam C,4.18,518.31,4016.48,95.33,23.5,8.73,4.47,4915.17,High Water Risk,Dragline,Low
160,2024-06-08,Mine Beta,Seam C,2.07,645.92,2450.85,68.95,31.49,15.36,3.48,7120.42,High Water Risk,Hydraulic Excavator,Medium
161,2024-06-09,Mine Delta,Seam B,3.01,277.31,1957.73,94.06,25.4,3.81,3.7,5051.19,Stable,Continuous Miner,Low
162,2024-06-10,Mine Alpha,Seam A,5.54,334.47,3622.5,92.04,13.87,2.71,2.14,5497.11,Stable,Continuous Miner,High
163,2024-06-11,Mine Gamma,Seam B,7.16,496.96,2139.4,83.54,24.14,7.13,1.57,4030.06,Fractured Formation,Continuous Miner,Medium
164,2024-06-12,Mine Gamma,Seam C,1.64,620.66,4494.8,93.26,23.02,8.84,2.38,7097.47,High Water Risk,Hydraulic Excavator,Medium
165,2024-06-13,Mine Delta,Seam D,2.29,294.58,3968.55,79.68,28.38,6.81,3.27,6481.37,Stable,Hydraulic Excavator,Medium
166,2024-06-14,Mine Delta,Seam B,4.04,225.35,2187.1,67.45,18.79,7.94,2.55,6568.8,Stable,Surface Miner,Medium
167,2024-06-15,Mine Alpha,Seam A,2.57,514.17,3842.08,82.32,19.51,15.91,1.7,7040.97,Stable,Continuous Miner,Low
168,2024-06-16,Mine Alpha,Seam D,7.88,476.51,3755.83,77.3,13.74,7.15,1.49,5225.13,Fault Zone,Surface Miner,Medium
169,2024-06-17,Mine Gamma,Seam D,4.6,537.61,3834.14,88.61,15.69,5.25,1.61,3669.15,Moderately Stable,Continuous Miner,Low
170,2024-06-18,Mine Gamma,Seam D,3.35,191.83,1766.08,82.66,13.9,10.81,4.26,4748.99,High Water Risk,Dragline,Medium
171,2024-06-19,Mine Beta,Seam C,2.44,490.58,2850.93,93.42,21.01,12.27,0.55,3625.15,Stable,Longwall Shearer,Low
172,2024-06-20,Mine Delta,Seam B,7.35,211.92,3770.11,65.28,20.14,7.97,2.89,5966.99,Fractured Formation,Dragline,High
173,2024-06-21,Mine Delta,Seam A,1.25,394.44,849.77,81.41,14.59,17.64,0.37,6508.68,High Water Risk,Continuous Miner,Low
174,2024-06-22,Mine Alpha,Seam B,2.96,433.28,1860.16,75.99,27.08,3.26,4.33,5198.29,Moderately Stable,Continuous Miner,Medium
175,2024-06-23,Mine Alpha,Seam A,1.88,296.18,3121.35,66.74,8.23,4.74,2.4,5105.47,Fault Zone,Hydraulic Excavator,Low
176,2024-06-24,Mine Alpha,Seam B,2.74,574.83,4527.73,79.74,9.12,3.19,4.19,6827.45,Fractured Formation,Longwall Shearer,Low
177,2024-06-25,Mine Gamma,Seam A,8.22,414.61,3959.47,87.09,17.56,3.23,0.98,4389.75,High Water Risk,Hydraulic Excavator,Medium
178,2024-06-26,Mine Delta,Seam B,6.97,472.91,1129.4,88.11,16.3,3.56,1.28,3781.27,Fractured Formation,Hydraulic Excavator,High
179,2024-06-27,Mine Delta,Seam C,1.42,235.8,4968.86,80.21,16.54,17.06,2.11,6014.87,High Water Risk,Longwall Shearer,High
180,2024-06-28,Mine Gamma,Seam B,6.41,126.76,1447.73,87.06,23.21,13.83,1.63,3894.24,Stable,Surface Miner,Medium
181,2024-06-29,Mine Gamma,Seam C,1.95,129.76,2610.11,82.27,20.3,3.65,0.68,5550.61,Fractured Formation,Hydraulic Excavator,Medium
182,2024-06-30,Mine Delta,Seam A,3.33,301.05,1155.74,92.94,29.72,17.65,2.7,4127.46,High Water Risk,Continuous Miner,Low
183,2024-07-01,Mine Gamma,Seam C,3.16,163.18,1502.27,73.55,15.19,14.52,1.82,6993.62,High Water Risk,Hydraulic Excavator,High
184,2024-07-02,Mine Beta,Seam D,1.98,253.66,4785.06,75.3,22.88,14.87,1.68,4738.52,Fractured Formation,Continuous Miner,Medium
185,2024-07-03,Mine Gamma,Seam B,4.7,181.25,2472.61,74.89,25.64,12.13,4.36,6393.31,Fault Zone,Dragline,Medium
186,2024-07-04,Mine Delta,Seam C,2.03,401.39,3287.35,81.91,24.36,10.8,4.3,5208.0,Moderately Stable,Dragline,Medium
187,2024-07-05,Mine Alpha,Seam D,6.11,159.33,2071.9,72.83,11.7,8.77,1.88,5161.55,Fractured Formation,Dragline,High
188,2024-07-06,Mine Delta,Seam D,5.17,530.71,2310.02,92.76,20.89,12.21,0.66,6345.13,Fault Zone,Continuous Miner,High
189,2024-07-07,Mine Alpha,Seam D,8.26,269.01,4144.17,68.28,10.37,5.55,3.44,5564.58,Fractured Formation,Continuous Miner,Medium
190,2024-07-08,Mine Gamma,Seam D,4.58,467.35,3699.84,69.67,31.94,9.72,1.54,6906.03,Stable,Longwall Shearer,High
191,2024-07-09,Mine Beta,Seam C,3.48,339.54,1668.84,79.97,19.43,9.01,3.23,4679.97,Fault Zone,Longwall Shearer,High
192,2024-07-10,Mine Alpha,Seam A,7.4,449.34,3643.99,70.09,31.61,5.9,1.03,4092.5,Fractured Formation,Dragline,Medium
193,2024-07-11,Mine Beta,Seam D,5.8,186.24,3560.69,77.26,25.7,16.13,2.19,5089.35,Stable,Continuous Miner,Low
194,2024-07-12,Mine Gamma,Seam A,5.41,535.72,3054.93,76.34,12.73,3.82,3.12,5311.09,Fault Zone,Hydraulic Excavator,Medium
195,2024-07-13,Mine Delta,Seam A,3.74,561.95,3392.92,90.23,24.94,6.76,2.88,3813.58,Moderately Stable,Surface Miner,Low
196,2024-07-14,Mine Beta,Seam C,2.05,292.78,1393.71,77.04,22.31,11.2,2.08,5300.68,Fractured Formation,Continuous Miner,High
197,2024-07-15,Mine Beta,Seam D,3.31,186.65,4336.34,84.2,28.77,17.23,2.34,4221.98,High Water Risk,Hydraulic Excavator,High
198,2024-07-16,Mine Delta,Seam D,6.2,316.91,4327.55,80.15,9.98,2.49,3.5,4580.73,Fault Zone,Continuous Miner,High
199,2024-07-17,Mine Gamma,Seam B,6.9,402.42,4044.7,80.35,20.26,11.16,1.43,5509.49,Fault Zone,Hydraulic Excavator,Low
200,2024-07-18,Mine Delta,Seam B,8.43,138.38,4286.3,88.29,15.15,17.99,2.19,4789.73,Stable,Dragline,Low
201,2024-07-19,Mine Beta,Seam B,7.12,415.12,2272.65,87.03,23.19,4.66,0.88,4264.49,Moderately Stable,Longwall Shearer,High
202,2024-07-20,Mine Gamma,Seam C,5.56,175.98,4911.8,74.07,21.75,17.24,2.46,6830.57,Stable,Continuous Miner,Medium
203,2024-07-21,Mine Alpha,Seam C,7.53,152.33,4437.53,72.74,25.07,15.26,3.5,6002.07,High Water Risk,Continuous Miner,High
204,2024-07-22,Mine Gamma,Seam D,3.94,123.04,4137.31,88.84,17.67,14.0,3.22,6746.07,High Water Risk,Dragline,Medium
205,2024-07-23,Mine Alpha,Seam A,6.54,341.32,3589.4,76.1,9.52,10.55,1.21,5089.68,Moderately Stable,Dragline,Medium
206,2024-07-24,Mine Gamma,Seam C,3.67,409.42,3177.8,80.05,16.25,12.92,0.5,3868.43,High Water Risk,Longwall Shearer,Low
207,2024-07-25,Mine Beta,Seam D,4.53,645.35,2596.76,95.87,29.83,16.11,1.57,6735.37,Fault Zone,Longwall Shearer,High
208,2024-07-26,Mine Gamma,Seam C,1.8,458.77,3525.43,66.61,23.01,13.62,3.47,5088.15,Stable,Longwall Shearer,Low
209,2024-07-27,Mine Beta,Seam D,1.77,418.4,2981.67,78.8,8.19,7.5,0.81,6683.26,Moderately Stable,Dragline,Low
210,2024-07-28,Mine Beta,Seam D,1.85,539.4,1233.45,76.39,15.18,8.12,3.72,6735.64,Moderately Stable,Longwall Shearer,High
211,2024-07-29,Mine Alpha,Seam B,4.41,491.79,3437.94,69.69,17.88,12.99,3.91,3820.75,Stable,Continuous Miner,Low
212,2024-07-30,Mine Delta,Seam C,8.23,259.27,1387.29,73.59,10.02,10.85,2.82,5748.09,Stable,Surface Miner,Low
213,2024-07-31,Mine Beta,Seam D,3.36,111.1,4571.23,94.59,19.88,3.8,2.4,5697.54,Fractured Formation,Longwall Shearer,Medium
214,2024-08-01,Mine Gamma,Seam B,4.02,558.21,2567.63,81.94,12.15,9.54,4.45,3770.07,Fractured Formation,Longwall Shearer,Low
215,2024-08-02,Mine Gamma,Seam B,1.49,114.47,4115.02,80.7,23.09,10.02,2.04,6096.7,Stable,Hydraulic Excavator,High
216,2024-08-03,Mine Beta,Seam C,1.81,125.04,4667.88,95.2,11.73,7.23,2.76,6323.93,Stable,Surface Miner,High
217,2024-08-04,Mine Delta,Seam B,1.62,129.14,2624.83,79.05,22.61,6.95,3.42,6240.44,Stable,Longwall Shearer,High
218,2024-08-05,Mine Beta,Seam A,2.4,623.22,2996.62,89.27,25.3,4.67,0.83,6390.16,Fault Zone,Longwall Shearer,Low
219,2024-08-06,Mine Gamma,Seam D,3.19,116.41,3791.76,82.88,9.85,9.28,1.81,5348.56,Fractured Formation,Continuous Miner,Medium
220,2024-08-07,Mine Beta,Seam C,6.85,589.73,3631.31,68.58,25.78,2.04,3.91,3545.47,Stable,Dragline,Medium
221,2024-08-08,Mine Delta,Seam B,2.51,627.4,948.53,89.9,25.14,12.49,1.24,4418.57,Fault Zone,Surface Miner,Low
222,2024-08-09,Mine Gamma,Seam A,4.86,594.11,1553.25,89.93,31.55,17.27,0.59,5220.85,Fault Zone,Surface Miner,Medium
223,2024-08-10,Mine Alpha,Seam D,1.26,194.38,3167.99,74.42,22.95,9.42,2.79,5325.43,Moderately Stable,Hydraulic Excavator,Low
224,2024-08-11,Mine Beta,Seam A,8.01,93.63,3074.49,84.71,24.64,2.15,1.71,6308.04,High Water Risk,Surface Miner,Low
225,2024-08-12,Mine Beta,Seam B,4.26,627.88,4884.75,69.41,14.72,2.7,1.27,6628.37,High Water Risk,Surface Miner,Medium
226,2024-08-13,Mine Alpha,Seam A,4.89,443.21,2456.28,83.35,9.49,12.6,0.85,4579.2,Fault Zone,Dragline,High
227,2024-08-14,Mine Gamma,Seam C,4.51,213.16,4762.93,69.22,26.48,3.74,0.74,5163.4,Fault Zone,Dragline,Low
228,2024-08-15,Mine Gamma,Seam B,4.5,344.11,4380.43,67.8,27.38,6.87,3.26,5732.22,Moderately Stable,Surface Miner,Low
229,2024-08-16,Mine Alpha,Seam B,8.27,305.86,1005.59,74.26,27.68,4.78,4.3,6662.02,Fractured Formation,Hydraulic Excavator,Low
230,2024-08-17,Mine Alpha,Seam D,1.94,532.47,1310.1,66.91,26.74,5.56,1.13,4982.15,Stable,Hydraulic Excavator,High
231,2024-08-18,Mine Gamma,Seam A,1.36,116.75,4590.48,78.75,11.09,16.48,3.78,4726.73,Stable,Dragline,Low
232,2024-08-19,Mine Beta,Seam D,7.2,305.15,923.83,86.18,12.15,5.44,1.09,4535.46,Moderately Stable,Longwall Shearer,High
233,2024-08-20,Mine Beta,Seam C,4.84,583.18,2811.93,67.72,17.19,8.71,3.0,6449.63,Moderately Stable,Hydraulic Excavator,Low
234,2024-08-21,Mine Delta,Seam C,4.7,525.42,2244.94,82.54,15.72,6.33,0.41,5709.33,Stable,Surface Miner,Low
235,2024-08-22,Mine Delta,Seam C,6.8,649.78,4890.72,68.1,23.76,6.26,3.73,6893.86,Stable,Continuous Miner,High
236,2024-08-23,Mine Delta,Seam C,8.03,645.18,1529.59,72.33,15.63,13.81,1.81,5688.78,Fault Zone,Hydraulic Excavator,High
237,2024-08-24,Mine Beta,Seam B,7.31,541.93,4875.63,81.81,12.21,2.61,0.54,5726.15,Stable,Hydraulic Excavator,Medium
238,2024-08-25,Mine Alpha,Seam C,7.9,194.83,1348.06,87.23,30.05,15.51,1.66,3581.08,Fractured Formation,Continuous Miner,Low
239,2024-08-26,Mine Gamma,Seam A,3.93,616.9,2461.5,68.13,15.24,4.18,0.96,7010.17,High Water Risk,Surface Miner,Low
240,2024-08-27,Mine Gamma,Seam B,6.06,544.24,2389.21,87.75,15.07,4.84,0.31,6097.43,Fractured Formation,Dragline,High
241,2024-08-28,Mine Alpha,Seam B,5.6,604.99,4863.63,71.85,21.57,16.99,0.89,6257.77,Moderately Stable,Surface Miner,Medium
242,2024-08-29,Mine Beta,Seam A,7.2,461.91,3863.0,75.41,8.27,5.35,3.21,4796.78,Stable,Longwall Shearer,Low
243,2024-08-30,Mine Delta,Seam D,6.55,632.39,4515.12,80.29,17.09,10.74,0.73,5274.11,Fractured Formation,Continuous Miner,Low
244,2024-08-31,Mine Delta,Seam A,7.03,99.05,884.33,73.09,10.51,7.47,4.03,4095.35,Stable,Hydraulic Excavator,Low
245,2024-09-01,Mine Gamma,Seam D,6.34,325.85,3545.27,83.83,18.42,2.86,1.69,7105.27,High Water Risk,Hydraulic Excavator,High
246,2024-09-02,Mine Gamma,Seam C,3.37,134.67,2450.19,82.04,19.78,2.87,0.32,3824.22,Fractured Formation,Dragline,Low
247,2024-09-03,Mine Alpha,Seam A,2.71,443.77,4903.64,79.68,10.77,14.56,2.28,6811.05,Fault Zone,Longwall Shearer,High
248,2024-09-04,Mine Delta,Seam B,3.91,297.42,1583.65,66.38,18.55,6.21,3.82,5587.71,Moderately Stable,Longwall Shearer,Low
249,2024-09-05,Mine Gamma,Seam D,8.29,416.14,3125.13,91.06,27.64,8.7,2.55,6707.51,High Water Risk,Hydraulic Excavator,Low
250,2024-09-06,Mine Delta,Seam C,1.78,594.58,3800.08,80.57,29.61,14.81,3.15,5795.01,Stable,Dragline,Low
251,2024-09-07,Mine Beta,Seam B,7.1,151.93,2578.17,95.64,18.45,17.96,2.93,6586.2,Fault Zone,Surface Miner,High
252,2024-09-08,Mine Alpha,Seam A,4.03,306.49,2169.73,73.56,19.0,15.98,3.6,5805.31,Fractured Formation,Dragline,Low
253,2024-09-09,Mine Delta,Seam B,2.28,415.12,3985.19,94.13,30.2,11.0,0.72,4558.54,Fractured Formation,Surface Miner,Medium
254,2024-09-10,Mine Gamma,Seam D,5.98,406.05,2786.8,70.34,17.67,11.89,3.16,4986.36,High Water Risk,Surface Miner,High
255,2024-09-11,Mine Beta,Seam A,6.64,604.88,4567.53,65.63,27.62,6.85,1.48,5318.99,Stable,Continuous Miner,Low
256,2024-09-12,Mine Gamma,Seam D,6.85,262.89,3860.96,83.75,10.14,9.07,4.14,5006.53,High Water Risk,Hydraulic Excavator,Medium
257,2024-09-13,Mine Alpha,Seam B,1.68,484.45,2494.22,89.2,20.58,11.1,1.03,6738.17,Moderately Stable,Longwall Shearer,Low
258,2024-09-14,Mine Alpha,Seam D,1.57,285.41,1636.26,76.42,19.14,8.35,4.18,6020.35,Moderately Stable,Surface Miner,Medium
259,2024-09-15,Mine Delta,Seam B,8.21,350.51,3115.6,75.67,28.1,6.14,3.79,3834.45,Stable,Dragline,Low
260,2024-09-16,Mine Beta,Seam B,7.46,449.01,3646.32,73.34,17.83,2.32,3.58,6340.02,Stable,Dragline,Low
261,2024-09-17,Mine Beta,Seam A,2.83,426.76,4760.62,87.09,25.02,6.41,4.06,6650.87,High Water Risk,Surface Miner,Low
262,2024-09-18,Mine Delta,Seam C,6.14,549.86,2468.04,68.17,20.28,12.6,3.84,4884.65,Fractured Formation,Hydraulic Excavator,Medium
263,2024-09-19,Mine Gamma,Seam A,4.72,271.68,1961.23,75.08,14.65,12.5,4.3,5910.43,Moderately Stable,Continuous Miner,High
264,2024-09-20,Mine Beta,Seam A,7.08,537.35,3320.14,85.48,24.34,13.54,3.05,7190.64,Fault Zone,Dragline,Medium
265,2024-09-21,Mine Delta,Seam A,5.46,647.01,4227.26,75.64,25.12,12.98,2.98,5260.22,Fault Zone,Hydraulic Excavator,Medium
266,2024-09-22,Mine Beta,Seam B,3.34,348.35,3911.86,87.48,21.42,16.6,4.28,6828.49,Stable,Continuous Miner,Medium
267,2024-09-23,Mine Beta,Seam C,4.27,585.5,2361.07,83.15,19.13,3.88,0.53,5847.27,Fractured Formation,Hydraulic Excavator,Low
268,2024-09-24,Mine Delta,Seam B,4.85,574.47,2403.01,74.25,9.3,15.67,0.88,4241.1,High Water Risk,Hydraulic Excavator,Medium
269,2024-09-25,Mine Beta,Seam C,7.5,182.8,1139.41,75.31,31.68,7.01,0.54,5172.6,Moderately Stable,Continuous Miner,High
270,2024-09-26,Mine Beta,Seam D,6.93,524.46,1343.51,78.45,18.31,8.86,2.31,3517.28,Fractured Formation,Continuous Miner,High
271,2024-09-27,Mine Gamma,Seam A,7.71,511.4,3030.34,65.56,8.1,13.74,1.25,6744.85,Fault Zone,Continuous Miner,Low
272,2024-09-28,Mine Delta,Seam C,2.42,549.59,2052.45,74.02,25.47,11.54,1.72,6785.5,Moderately Stable,Surface Miner,Medium
273,2024-09-29,Mine Gamma,Seam B,2.4,596.93,4210.43,65.59,13.38,17.76,1.19,3581.08,Fractured Formation,Continuous Miner,Low
274,2024-09-30,Mine Gamma,Seam A,3.94,444.98,4039.25,84.32,22.25,2.77,0.75,6593.64,Stable,Longwall Shearer,Medium
275,2024-10-01,Mine Delta,Seam D,2.1,224.06,3747.85,71.37,24.46,2.15,2.07,3873.63,Fractured Formation,Surface Miner,High
276,2024-10-02,Mine Beta,Seam D,7.26,139.8,3818.82,68.65,10.74,3.7,1.13,4239.07,Fault Zone,Hydraulic Excavator,Low
277,2024-10-03,Mine Gamma,Seam D,3.36,102.46,2884.69,71.44,30.39,7.29,0.31,5985.04,Stable,Hydraulic Excavator,High
278,2024-10-04,Mine Delta,Seam B,8.13,524.33,1115.2,87.43,29.71,12.31,2.22,7115.98,Fault Zone,Dragline,Low
279,2024-10-05,Mine Alpha,Seam B,7.58,565.78,2312.9,85.98,18.22,3.85,3.88,6794.08,Stable,Continuous Miner,High
280,2024-10-06,Mine Beta,Seam C,3.81,329.5,3411.59,92.23,10.23,15.04,1.07,4982.88,High Water Risk,Surface Miner,Medium
281,2024-10-07,Mine Delta,Seam D,5.94,534.24,1274.84,86.58,9.41,17.08,0.97,5039.3,Fractured Formation,Dragline,High
282,2024-10-08,Mine Delta,Seam B,5.66,524.12,3367.71,91.74,29.12,13.64,4.05,5287.39,High Water Risk,Longwall Shearer,Medium
283,2024-10-09,Mine Delta,Seam A,1.66,453.33,851.91,91.92,20.6,13.9,3.34,4328.74,Fault Zone,Hydraulic Excavator,High
284,2024-10-10,Mine Alpha,Seam D,6.03,221.69,2252.15,85.97,17.24,15.42,2.65,7154.83,Stable,Longwall Shearer,High
285,2024-10-11,Mine Beta,Seam D,7.42,575.57,1114.43,80.24,13.78,17.52,0.51,4324.01,High Water Risk,Dragline,Low
286,2024-10-12,Mine Alpha,Seam D,4.44,406.63,1169.68,80.45,15.59,17.69,3.43,3565.75,High Water Risk,Dragline,Low
287,2024-10-13,Mine Alpha,Seam A,6.98,629.01,3477.66,92.59,21.5,12.47,2.22,4761.16,Stable,Continuous Miner,Medium
288,2024-10-14,Mine Gamma,Seam D,6.43,287.08,2700.64,68.02,23.81,2.04,1.79,5844.55,Fault Zone,Hydraulic Excavator,High
289,2024-10-15,Mine Gamma,Seam A,1.53,173.57,1389.89,87.22,25.32,3.71,2.87,4193.91,High Water Risk,Continuous Miner,Medium
290,2024-10-16,Mine Beta,Seam C,1.99,316.25,4691.83,90.96,22.13,14.35,2.19,5936.29,Fractured Formation,Continuous Miner,Medium
291,2024-10-17,Mine Alpha,Seam A,5.24,326.7,3257.51,93.66,26.75,16.56,3.21,4142.51,Moderately Stable,Longwall Shearer,Medium
292,2024-10-18,Mine Gamma,Seam D,4.26,427.13,3708.57,72.7,17.55,7.49,1.54,6477.75,Moderately Stable,Dragline,High
293,2024-10-19,Mine Gamma,Seam C,6.4,613.24,3456.85,71.23,22.98,6.65,1.75,5987.78,Moderately Stable,Hydraulic Excavator,High
294,2024-10-20,Mine Gamma,Seam A,6.75,400.5,3247.79,94.22,25.04,12.79,4.05,5475.44,High Water Risk,Longwall Shearer,High
295,2024-10-21,Mine Alpha,Seam A,3.98,110.25,1037.74,73.28,26.85,17.74,3.17,4041.79,Stable,Surface Miner,Low
296,2024-10-22,Mine Alpha,Seam C,7.14,138.41,4445.75,87.92,28.76,13.88,2.66,4379.1,Fault Zone,Longwall Shearer,Medium
297,2024-10-23,Mine Delta,Seam D,8.18,636.22,2113.15,82.12,8.31,6.02,2.91,6389.42,High Water Risk,Continuous Miner,High
298,2024-10-24,Mine Gamma,Seam B,6.87,629.65,2035.55,70.5,24.38,4.99,1.03,5401.23,High Water Risk,Longwall Shearer,Medium
299,2024-10-25,Mine Gamma,Seam C,2.15,412.87,1871.07,75.25,25.03,4.48,0.95,4693.73,Stable,Hydraulic Excavator,High
300,2024-10-26,Mine Gamma,Seam D,6.97,393.59,1106.1,86.94,20.61,17.31,2.49,6409.16,Moderately Stable,Dragline,High
301,2024-10-27,Mine Delta,Seam A,3.75,583.54,3586.0,75.26,15.05,17.2,2.9,5256.97,Fractured Formation,Longwall Shearer,Low
302,2024-10-28,Mine Gamma,Seam D,2.95,446.09,4658.15,72.56,8.96,16.17,1.9,6445.96,Stable,Dragline,Medium
303,2024-10-29,Mine Gamma,Seam A,7.85,548.6,2374.82,89.89,18.69,2.7,4.07,4212.3,Fractured Formation,Longwall Shearer,Low
304,2024-10-30,Mine Beta,Seam A,5.78,200.15,3443.96,71.61,24.45,15.37,1.16,6566.37,High Water Risk,Longwall Shearer,High
305,2024-10-31,Mine Beta,Seam A,4.55,269.08,1167.59,66.68,27.06,10.93,2.71,4342.29,Fault Zone,Dragline,Medium
306,2024-11-01,Mine Delta,Seam D,4.36,89.63,3627.85,81.58,23.39,11.89,3.48,5666.75,Stable,Surface Miner,High
307,2024-11-02,Mine Alpha,Seam C,6.94,251.77,1163.32,88.72,18.5,8.32,3.08,5253.75,Fractured Formation,Continuous Miner,Low
308,2024-11-03,Mine Delta,Seam C,8.21,162.12,3644.61,93.34,27.08,13.67,1.87,7013.02,Fractured Formation,Hydraulic Excavator,Low
309,2024-11-04,Mine Alpha,Seam A,1.24,420.09,3056.04,94.36,15.31,13.97,4.09,4772.25,High Water Risk,Hydraulic Excavator,Low
310,2024-11-05,Mine Beta,Seam B,2.81,555.81,1616.17,70.62,27.19,15.64,3.88,6949.77,Fractured Formation,Dragline,High
311,2024-11-06,Mine Alpha,Seam C,6.1,222.89,1629.15,83.0,30.84,7.71,3.12,4367.77,Fault Zone,Hydraulic Excavator,Low
312,2024-11-07,Mine Beta,Seam C,4.75,267.16,3569.57,86.5,11.66,11.07,3.69,7047.04,Moderately Stable,Longwall Shearer,Medium
313,2024-11-08,Mine Beta,Seam B,6.4,445.28,1962.06,76.14,24.31,7.31,2.32,5147.82,Fault Zone,Dragline,High
314,2024-11-09,Mine Alpha,Seam B,5.91,126.73,1978.59,90.62,29.39,5.14,3.38,5818.49,Stable,Longwall Shearer,High
315,2024-11-10,Mine Alpha,Seam D,6.82,201.27,953.96,73.08,29.46,10.63,3.05,4049.94,High Water Risk,Continuous Miner,High
316,2024-11-11,Mine Gamma,Seam B,4.59,370.93,2466.5,80.57,23.9,15.57,3.69,5771.93,Moderately Stable,Hydraulic Excavator,Low
317,2024-11-12,Mine Delta,Seam B,2.51,620.77,3569.54,95.0,25.66,9.74,1.81,4309.63,High Water Risk,Continuous Miner,Low
318,2024-11-13,Mine Gamma,Seam C,2.91,461.09,2975.12,89.54,17.31,16.69,4.0,3647.65,Fault Zone,Longwall Shearer,High
319,2024-11-14,Mine Gamma,Seam C,5.42,404.99,2381.97,76.73,22.1,16.37,0.63,4430.87,Moderately Stable,Hydraulic Excavator,Medium
320,2024-11-15,Mine Gamma,Seam C,4.75,354.8,3337.69,80.56,11.34,4.65,0.62,5880.86,Moderately Stable,Continuous Miner,Low
321,2024-11-16,Mine Beta,Seam C,5.59,545.66,3576.66,77.85,15.93,3.81,3.14,5272.38,Fractured Formation,Continuous Miner,High
322,2024-11-17,Mine Delta,Seam A,2.98,152.89,3287.86,69.18,20.3,16.25,0.92,4115.46,Moderately Stable,Hydraulic Excavator,Medium
323,2024-11-18,Mine Alpha,Seam C,8.11,203.46,3347.41,79.61,19.56,5.51,2.03,4028.03,Fractured Formation,Continuous Miner,High
324,2024-11-19,Mine Gamma,Seam B,6.49,275.32,2704.57,83.31,13.52,8.17,0.76,4248.69,Fractured Formation,Dragline,Low
325,2024-11-20,Mine Alpha,Seam B,4.67,430.41,963.95,89.3,20.08,3.88,2.33,3982.22,Fractured Formation,Hydraulic Excavator,Low
326,2024-11-21,Mine Delta,Seam D,3.9,104.76,3025.23,72.11,27.26,14.63,1.9,5679.48,Fractured Formation,Longwall Shearer,Medium
327,2024-11-22,Mine Beta,Seam C,4.68,212.53,4408.02,73.78,29.04,8.54,1.09,6123.85,Stable,Hydraulic Excavator,High
328,2024-11-23,Mine Alpha,Seam A,3.94,197.09,4178.01,77.67,10.56,8.82,2.76,4466.82,Fractured Formation,Dragline,High
329,2024-11-24,Mine Gamma,Seam C,8.44,306.55,1655.51,82.12,21.38,4.86,2.65,5289.91,Fault Zone,Hydraulic Excavator,Medium
330,2024-11-25,Mine Delta,Seam B,7.44,455.79,3940.82,78.84,24.78,4.59,1.2,4982.08,Fault Zone,Hydraulic Excavator,High
331,2024-11-26,Mine Alpha,Seam B,4.04,442.45,4178.35,90.52,19.32,11.6,0.67,4473.44,Fault Zone,Longwall Shearer,High
332,2024-11-27,Mine Alpha,Seam D,7.99,308.37,3555.94,73.88,31.12,2.92,3.55,4148.5,High Water Risk,Dragline,Low
333,2024-11-28,Mine Beta,Seam C,2.62,526.86,2944.3,86.65,22.76,12.78,1.81,5923.57,Moderately Stable,Longwall Shearer,Medium
334,2024-11-29,Mine Delta,Seam C,6.09,311.11,1641.3,65.48,24.89,16.71,2.61,6186.71,Fractured Formation,Hydraulic Excavator,Medium
335,2024-11-30,Mine Gamma,Seam C,2.85,628.94,2709.99,77.52,8.11,4.8,2.43,5566.93,Fractured Formation,Surface Miner,Medium
336,2024-12-01,Mine Alpha,Seam C,7.6,543.49,3214.55,86.52,31.19,11.01,3.53,6302.65,High Water Risk,Dragline,High
337,2024-12-02,Mine Alpha,Seam D,2.05,118.51,3461.38,95.82,24.25,5.68,1.63,7035.15,Fractured Formation,Hydraulic Excavator,Low
338,2024-12-03,Mine Gamma,Seam B,3.3,307.39,3944.91,75.6,21.31,4.86,1.62,4308.69,Fractured Formation,Surface Miner,Low
339,2024-12-04,Mine Beta,Seam D,6.58,213.87,1816.64,73.23,13.5,15.36,3.81,4817.3,Stable,Longwall Shearer,Low
340,2024-12-05,Mine Delta,Seam A,6.78,388.64,977.51,79.95,22.9,9.88,4.44,6818.9,Fault Zone,Dragline,Low
341,2024-12-06,Mine Gamma,Seam D,2.82,408.7,1027.42,89.78,19.48,10.65,2.41,4956.75,Moderately Stable,Dragline,Low
342,2024-12-07,Mine Delta,Seam C,6.23,86.74,1685.16,83.01,15.81,11.8,1.39,5529.68,Moderately Stable,Surface Miner,Medium
343,2024-12-08,Mine Gamma,Seam C,2.54,321.65,2560.19,88.32,16.76,8.41,2.19,5614.22,Fractured Formation,Continuous Miner,Low
344,2024-12-09,Mine Gamma,Seam B,5.25,568.1,1623.47,89.8,25.73,9.57,0.34,5059.63,Moderately Stable,Hydraulic Excavator,High
345,2024-12-10,Mine Gamma,Seam D,3.39,400.42,3184.9,77.35,24.57,2.96,3.72,5263.2,Stable,Dragline,High
346,2024-12-11,Mine Gamma,Seam C,3.84,399.4,4713.75,72.99,8.48,3.94,3.94,7063.53,Moderately Stable,Hydraulic Excavator,High
347,2024-12-12,Mine Beta,Seam C,3.79,463.72,2847.47,87.83,29.35,8.1,1.5,5837.34,Moderately Stable,Continuous Miner,High
348,2024-12-13,Mine Gamma,Seam D,5.81,405.83,4365.38,67.21,11.89,5.65,1.63,4578.02,Fault Zone,Hydraulic Excavator,High
349,2024-12-14,Mine Delta,Seam C,7.68,525.16,4742.83,88.18,20.5,9.2,1.0,6660.58,Moderately Stable,Continuous Miner,High
350,2024-12-15,Mine Gamma,Seam A,2.74,306.32,1201.33,94.04,19.36,2.86,3.54,5438.74,Stable,Longwall Shearer,Medium
351,2024-12-16,Mine Beta,Seam A,5.98,584.72,2099.36,72.67,14.82,12.02,0.85,6602.52,Stable,Longwall Shearer,High
352,2024-12-17,Mine Gamma,Seam C,7.51,346.3,4457.77,93.98,21.17,4.16,4.28,5495.36,Fractured Formation,Hydraulic Excavator,Medium
353,2024-12-18,Mine Delta,Seam C,7.84,354.54,1753.94,67.78,15.39,8.6,0.95,3539.06,Fractured Formation,Continuous Miner,Medium
354,2024-12-19,Mine Gamma,Seam D,5.11,472.03,2866.11,88.42,15.19,14.25,3.65,5708.91,Stable,Hydraulic Excavator,Medium
355,2024-12-20,Mine Beta,Seam D,7.64,329.15,1849.56,87.16,23.5,15.25,1.23,3793.08,Moderately Stable,Hydraulic Excavator,High
356,2024-12-21,Mine Gamma,Seam C,5.93,383.21,1929.05,70.83,9.64,4.19,0.76,5184.77,High Water Risk,Surface Miner,High
357,2024-12-22,Mine Delta,Seam B,3.54,166.73,4872.81,65.69,31.34,6.51,0.83,5122.14,Stable,Continuous Miner,Low
358,2024-12-23,Mine Beta,Seam A,4.8,274.89,2108.62,89.78,31.95,9.42,3.62,4721.92,Moderately Stable,Longwall Shearer,Medium
359,2024-12-24,Mine Delta,Seam A,5.17,183.51,4561.94,72.75,17.16,2.2,4.39,6144.33,High Water Risk,Dragline,Low
360,2024-12-25,Mine Alpha,Seam B,4.56,519.47,2988.78,95.45,19.35,12.9,1.61,4695.33,Stable,Hydraulic Excavator,High
361,2024-12-26,Mine Alpha,Seam C,4.71,250.32,2313.79,66.61,24.0,17.57,1.29,5106.4,Stable,Continuous Miner,Medium
362,2024-12-27,Mine Alpha,Seam D,6.96,85.09,976.37,89.29,19.41,11.54,1.86,3831.08,Moderately Stable,Dragline,Low
363,2024-12-28,Mine Gamma,Seam A,1.64,447.41,3745.58,89.54,11.02,5.72,4.42,6417.68,Fault Zone,Dragline,High
364,2024-12-29,Mine Beta,Seam A,6.23,284.16,1365.88,92.86,19.65,9.0,1.54,6079.04,Moderately Stable,Hydraulic Excavator,Low
365,2024-12-30,Mine Gamma,Seam C,6.55,236.93,4291.67,93.35,21.31,3.1,0.95,4593.99,Fault Zone,Hydraulic Excavator,Medium
